entity_id,person_id
1,1
2,1
3,1
4,1
5,1
6,1
7,1
8,1
9,1
10,1
11,1
12,1
13,1
14,1
15,1
16,1
17,2
18,1
19,1
20,3
21,3
22,3
23,3
24,3
25,3
26,3
27,4
28,4
29,4
30,4
31,4
32,5
33,5
34,6
35,6
36,6
37,6
38,6
39,6
40,7
41,7
42,7
43,7
44,7
45,8
46,8
47,8
48,8
49,8
50,9
51,9
52,9
53,1
53,2
54,1
54,2
55,10
56,10
57,10
58,1
58,11
59,1
59,11
60,1
60,11
61,12
62,12
63,5
64,13
65,13
66,13
67,14
68,14
69,14
70,15
71,15
72,15
73,4
74,4
75,16
76,7
77,7
78,7
79,17
80,17
81,11
82,11
83,18
84,18
85,13
86,13
87,13
88,13
89,19
89,20
90,19
90,20
91,19
91,20
92,19
92,20
93,21
94,21
95,13
96,13
97,22
98,23
99,24
100,25
101,26
101,13
102,26
102,13
103,8
104,8
105,27
106,27
107,28
108,13
109,14
110,29
111,7
112,14
113,10
114,7
115,7
116,30
117,31
118,32
119,25
120,33
121,34
122,4
123,13
124,14
125,35
126,35
127,23
128,10
129,36
130,12
131,12
132,12
133,5
134,5
135,5
136,37
137,13
138,38
139,38
140,38
141,38
142,38
143,7
144,12
145,12
146,29
147,39
148,12
149,18
150,36
151,18
152,40
152,11
153,34
154,38
155,41
155,39
156,41
156,39
157,39
158,41
158,39
159,35
160,35
161,35
162,42
163,8
164,23
165,31
166,4
167,14
168,43
169,43
170,31
171,6
172,6
173,8
174,8
175,44
176,8
177,45
178,39
179,31
180,46
181,35
182,31
183,45
184,35
185,38
185,12
186,18
187,28
188,28
189,28
190,28
191,14
192,5
193,5
194,5
195,5
195,47
196,48
197,28
198,28
199,49
199,5
200,49
200,5
201,5
202,5
203,29
204,28
205,28
206,5
207,15
208,50
208,51
209,5
210,5
211,4
212,48
213,28
214,28
215,28
216,52
216,53
217,52
217,53
218,40
219,17
220,17
221,6
222,6
223,28
224,28
225,28
226,28
226,12
227,28
228,41
229,13
230,5
231,5
232,5
233,5
234,5
235,5
236,15
237,7
238,7
239,7
240,54
240,55
241,54
241,55
242,54
242,55
243,54
243,55
244,54
244,55
245,28
246,28
247,28
248,5
249,5
250,51
251,51
252,50
253,12
254,12
255,5
255,56
256,5
256,56
257,5
257,56
258,5
258,56
259,14
260,5
260,12
261,51
262,25
263,7
264,7
265,7
266,7
267,7
268,7
269,7
270,7
271,57
271,12
272,57
273,57
274,57
275,57
276,57
277,58
278,12
279,54
279,5
280,51
281,51
282,59
283,59
284,32
285,7
286,60
287,60
288,60
289,60
290,14
290,2
291,14
292,14
293,61
294,49
295,7
296,7
297,7
298,7
299,7
300,7
301,1
302,1
303,1
304,1
305,60
305,62
306,7
307,7
308,7
309,7
310,51
311,20
311,63
312,19
313,51
314,51
315,51
316,51
317,51
318,51
319,18
320,18
321,60
322,60
323,36
324,1
325,64
326,44
327,28
328,12
329,32
330,32
331,13
332,13
333,13
334,13
335,13
336,13
337,13
338,13
339,13
340,13
341,13
342,13
343,13
344,13
345,13
346,13
347,33
348,65
349,65
350,44
351,28
352,40
353,40
354,40
354,5
355,44
356,44
357,44
358,44
359,44
360,44
361,44
362,44
363,44
364,44
365,44
366,28
367,28
368,28
369,28
370,28
371,28
372,28
373,32
374,32
375,32
376,32
377,8
378,14
379,31
380,31
381,66
382,35
383,7
383,67
384,7
384,67
385,7
385,67
386,7
386,67
387,7
387,67
388,41
388,68
389,7
389,67
390,68
391,69
392,69
393,69
394,12
395,41
395,68
396,69
397,59
398,59
399,69
400,70
400,47
401,70
401,47
402,70
402,47
403,68
404,39
405,41
406,41
407,41
408,41
409,41
410,71
411,58
412,39
413,39
414,68
415,31
416,31
417,59
418,13
419,13
420,32
421,69
422,72
422,68
423,26
423,69
424,71
424,73
425,47
426,47
427,47
428,74
428,35
429,31
430,10
431,29
432,75
433,75
434,75
435,76
436,61
437,38
438,72
438,12
439,18
440,68
441,18
442,32
443,68
444,72
445,72
446,77
447,10
448,10
449,10
450,4
451,72
451,12
451,78
452,40
453,40
454,40
455,40
456,35
457,79
458,69
459,69
460,32
461,32
462,32
463,80
463,32
464,32
464,12
465,32
466,32
467,80
467,32
468,18
469,28
470,28
471,18
472,32
473,32
474,32
475,77
476,12
477,12
478,25
479,25
480,25
481,28
482,32
483,32
484,32
485,32
486,32
487,32
488,32
489,32
490,32
491,32
492,32
493,32
494,32
495,25
496,32
497,21
498,21
499,21
500,71
501,71
502,71
503,71
504,71
505,68
506,68
507,81
508,19
509,82
510,68
511,68
512,71
513,71
514,82
515,82
516,83
517,83
518,21
519,12
520,80
521,12
522,12
523,84
524,84
525,85
525,7
526,85
526,7
527,25
528,85
528,7
529,85
529,7
530,85
530,7
531,85
531,7
532,85
532,7
533,85
533,7
534,84
535,84
536,86
537,86
538,80
539,80
540,80
541,80
542,7
543,7
544,32
545,28
546,28
547,28
548,28
549,8
550,8
551,8
552,8
553,8
554,8
555,8
556,8
557,28
558,87
559,31
559,35
560,51
561,88
561,51
562,47
563,51
564,78
565,78
566,89
567,90
568,90
569,91
570,92
571,93
572,4
573,11
574,11
574,94
575,69
575,95
576,44
577,68
578,68
579,68
580,68
581,68
582,79
583,93
584,93
585,93
586,93
587,93
588,32
589,32
590,12
591,32
591,12
592,71
593,71
594,73
595,45
596,55
596,96
596,51
597,82
598,82
599,28
600,28
601,28
602,28
603,19
603,20
604,19
604,20
605,19
606,19
607,19
608,68
609,41
609,68
610,41
610,68
611,19
612,19
613,68
614,19
615,19
616,19
617,85
617,7
618,85
618,7
619,85
619,7
620,80
621,80
622,80
623,80
624,8
625,8
626,8
627,8
628,8
629,8
630,8
631,35
632,35
633,69
634,69
635,69
636,69
637,69
638,69
639,51
640,68
641,41
642,41
643,15
644,15
645,44
646,44
647,44
648,44
649,44
650,51
651,51
652,51
653,44
654,44
655,44
656,15
657,15
658,15
659,15
660,15
661,15
662,15
663,15
664,15
665,51
665,97
666,51
666,97
667,51
667,97
668,51
668,97
669,97
670,97
671,35
672,13
673,44
674,44
675,44
676,44
677,44
678,44
679,98
680,98
681,39
682,39
683,39
684,68
685,84
686,84
687,97
688,97
689,97
690,40
691,99
692,41
692,39
693,43
694,29
695,47
696,47
697,92
698,92
699,92
700,7
701,7
702,51
703,12
704,50
705,50
706,12
707,10
708,19
709,20
710,20
711,19
711,20
712,12
713,12
714,88
715,100
716,101
717,101
718,101
719,101
720,11
721,11
722,41
723,7
723,12
724,7
724,12
725,7
725,12
726,7
726,12
727,7
727,12
728,56
729,102
730,102
731,102
732,38
732,5
733,8
734,20
735,20
736,12
736,34
737,78
738,8
739,102
740,103
741,101
742,28
743,104
743,13
744,104
744,13
745,8
746,26
747,41
748,101
749,88
750,88
751,88
752,105
753,105
754,43
755,8
756,8
757,8
758,8
759,8
760,8
761,15
762,15
763,15
764,8
765,106
765,26
766,106
766,26
767,106
767,26
768,106
768,26
769,107
769,104
770,107
770,104
771,107
771,104
772,12
773,50
774,50
775,50
776,50
777,8
778,8
779,8
780,8
781,8
782,12
783,96
784,96
785,96
786,96
787,108
787,109
788,7
788,12
789,7
789,12
790,12
791,12
792,12
793,11
794,5
795,5
796,110
797,110
798,110
799,11
800,11
801,11
802,2
803,101
804,88
805,88
806,101
807,101
808,101
809,101
810,8
811,8
812,68
813,12
814,12
815,111
816,111
817,20
818,8
819,8
820,8
821,51
822,11
823,11
824,11
825,11
826,51
826,12
827,102
828,102
829,102
830,111
831,111
832,112
833,112
834,112
835,11
836,11
837,113
838,47
839,8
840,5
841,41
842,113
843,113
844,113
845,113
846,12
847,47
848,2
849,102
850,84
851,12
852,12
853,114
854,12
855,12
856,110
857,110
858,110
859,20
860,20
861,29
862,41
863,12
864,12
865,12
866,12
867,12
868,12
869,12
870,12
871,12
872,12
873,12
874,5
875,5
876,5
877,115
877,116
877,12
878,115
878,116
878,12
879,26
879,117
880,12
881,118
882,118
883,70
884,70
885,102
885,50
886,102
886,50
887,119
888,26
889,12
890,12
891,12
891,78
892,68
893,51
893,12
894,58
895,58
896,29
897,21
897,29
898,21
898,29
899,21
899,29
900,12
901,12
902,12
