project_id,entity_id
1,393
1,392
1,352
1,559
1,420
1,188
1,187
1,738
1,639
1,128
1,190
1,88
1,249
1,248
1,238
1,739
1,564
1,506
1,271
1,272
1,273
1,595
1,518
1,498
1,898
1,499
1,899
1,9
1,240
1,885
1,242
1,886
1,390
1,329
1,330
1,747
1,165
1,742
1,196
1,443
1,391
1,589
1,460
1,588
1,147
1,167
1,844
1,212
1,620
1,621
1,623
1,142
1,837
1,395
1,396
1,277
1,577
1,746
1,110
1,461
1,446
1,442
1,278
1,197
1,198
1,112
1,113
1,111
1,463
1,117
1,95
1,172
1,573
1,358
1,182
1,120
1,765
1,766
1,767
1,768
1,464
1,326
1,841
1,440
1,783
1,782
1,546
1,253
1,771
1,673
1,769
1,770
1,76
1,77
1,78
1,118
1,787
1,791
1,448
1,707
1,447
1,399
1,58
1,60
1,328
1,792
1,286
1,289
1,202
1,185
1,335
1,336
1,340
1,341
1,346
1,419
1,887
1,14
1,123
1,888
1,810
1,811
1,124
1,203
1,90
1,496
1,51
1,528
1,226
1,227
1,709
1,189
1,107
1,178
1,422
1,87
1,519
1,179
1,843
1,349
1,348
1,817
1,127
1,514
1,831
1,774
1,799
1,800
1,534
1,382
1,294
1,598
1,597
1,684
1,93
1,94
1,20
1,21
1,378
1,201
1,752
1,753
1,613
1,351
1,840
1,852
1,674
1,283
1,381
1,347
1,366
1,900
1,901
1,430
1,896
1,842
1,541
1,435
1,137
1,432
1,433
1,851
1,431
1,723
1,305
1,138
1,538
1,539
1,560
1,547
1,548
1,86
1,85
1,45
1,46
1,47
1,49
1,48
1,436
1,144
1,672
1,309
1,97
1,857
1,594
1,361
1,362
1,146
1,861
1,437
1,33
1,743
1,868
1,869
1,148
1,873
1,471
1,542
1,543
1,866
1,472
1,875
1,874
1,222
1,879
1,210
1,209
1,881
1,882
1,544
